name,subreddit_name,group,title_prompt,title_examples,body_examples,body_exclusion_words,gpt_instructions,posting_rules,flair_and_tags,is_active,usage_count,success_rate,last_used
,r/Jacksonviller4r,EAST,"[age] [F4M] Looking for a flirty, sexy, realistic chat/FWB post not robotic, not too long, just natural and human. Needs a proper title, no emojis.","[""25 F4M Let’s break a few rules every night""]","[""If you’re clean, respectful, and can keep a secret, I might be the escape you’ve been waiting. Especially if you’re good with your hands, and even better with your mouth. Bonus points for bringing wine. FWB? Maybe. Depends if we click.""]","[]","give me another version of this reddite post and follow this ruls:\nTitle: [Age][Gender] Seeking [Type of Connection] in [City]\nBody: Interests, limits, and local availability. no more then 200 words","Age R4R Location summary description","Flair: [Looking]\nTags: NSFW",1,0,0,
,r/atlantar4r,EAST,"[age] [F4M] [City] Looking for a flirty, sexy, realistic chat/FWB post not robotic, not too long, just natural and human. Needs a proper title, no emojis.","[""25 [F4M] #Atlanta - Looking for someone who enjoys the slow burn as much as the heat""]","[""playful, curious, and in the mood for something a little teasing a little tempting and a lot of fun.""]","[]","give me another version of this reddite post and follow this ruls:\nTitle: [Age][Gender] Seeking [Type of Connection] in [City]\nBody: Interests, limits, and local availability. no more then 200 words","Age R4R #Location and title","Flair: [F4M]\nTags: NSFW",1,0,0,
,r/bostonr4r,EAST,"[age] [F4M] [City] Looking for a flirty, sexy, realistic chat/FWB post not robotic, not too long, just natural and human. Needs a proper title, no emojis.","[""28 [F4M] #Boston Let’s skip the small talk and get a little reckless""]","[""I’m looking for someone who knows how to have fun without making it complicated. Flirty and real.""]","[]","give: give me another version of this reddite post and follow this ruls:\nTitle: [Age][Gender] Seeking [Type of Connection] in [City]\nBody: Interests, limits, and local availability. no more then 200 words","Age tag R4R (in brackets) #Location and title","Flair: [F4M]\nTags: NSFW",1,0,0,
,r/OrlandoCasualR4R,EAST,"[age] [F4M] [City] Looking for a flirty, sexy, realistic chat/FWB post not robotic, not too long, just natural and human. Needs a proper title, no emojis.","[""29 [F4M] #Orlando -The right kind of tension makes everything better""]","[""I’m into slow burns with fast replies. That playful push and pull where a conversation keeps you thinking about it long after it ends.""]","[]","give me another version of this reddite post and follow this ruls:\nTitle: [Age][Gender] Seeking [Type of Connection] in [City]\nBody: Interests, limits, and local availability. no more then 200 words","Your post title must be in this format: age [r4r] #city - title. Flair Tags: F4M","Flair: None\nTags: NSFW",1,0,0,
,r/Ohior4r,EAST,"[age] [F4M] [City] Looking for a flirty, sexy, realistic chat/FWB post not robotic, not too long, just natural and human. Needs a proper title, no emojis.","[""25 [F4M] Columbus - Keep this between us, and maybe between my thighs""]","[""I’ve been quietly looking for someone who can take control with finesse.""]","[]","give me another version of this reddite post and follow this ruls:\nTitle: [Age][Gender] Seeking [Type of Connection] in [City]\nBody: Interests, limits, and local availability. no more then 200 words","Flair Tags: [City]\nFollow The Title Posting Guidelines (Age [R4R]) City","Flair: [F4M]\nTags: NSFW",1,0,0,
,r/TampaHotties,EAST,"[age] [F4M] Looking for a flirty, sexy, realistic chat/FWB","[""28 [F4M] looking for new fwb, anyone down""]","[""My last fwb moved to another city, so im seeking for a new one.""]","[]","give me another version of this reddite post and follow this ruls:\nTitle: [Age] [Gender] seeking for","no rules you can post text or photos","Flair: None\nTags: NSFW",1,0,0,
,r/SouthFloridaSluts,EAST,"[age] [F4M] Looking for a flirty, sexy, realistic chat/FWB","[""[F]4[M] 25 Miami - like my chats like I like my nights late, fun, and a little reckless""]","[""Let’s not overthink it. I’m here for that flirty energy that starts as a message and maybe turns into something we weren’t planning in the best way.""]","[]","give me another version of this reddite post and follow this ruls:\nTitle: [Age][Gender] Seeking [Type of Connection] in [City]\nBody: Interests, limits, and local availability. no more then 200 words","Flair Tags: [R]4[R,RR,RRR] 27 - Miami","Flair: [F4M]\nTags: NSFW",1,0,0,
,r/OhioGirlsNSFW,EAST,"[age] [F4M] Looking for a flirty, sexy, realistic chat/FWB","[""26 [F4M] Midwest – Let’s keep this discreet… and a little unspoken""]","[""Clean, discreet, and down to earth is what I’m looking for.""]","[]","give me another version of this reddite post and follow this ruls:\nTitle: [Age][Gender] Seeking [Type of Connection] in [City]\nBody: Interests, limits, and local availability. no more then 200 words","Flair Tags: [Looking for someone]","Flair: [F4M]\nTags: NSFW",1,0,0,
,r/augusta_ga,EAST,"[age] [FtM] flirty and spicy","[""26 FtM Bored and wild""]","[""wild night and more private moment you’ll replay for days.""]","[]","give me another version of this reddite post and follow this ruls:\nTitle: [Age][Gender] Seeking [Type of Connection] in [City]\nBody: Interests, limits, and local availability. no more then 200 words","Flair: [Looking for Male]\nTags: NSFW","Flair: None\nTags: NSFW",1,0,0,
,r/Pensacola_NSFW,EAST,"[age] [F4M] Looking for a flirty, sexy, realistic chat/FWB","[""28 [F4M] Looking for a kinky FWB who knows how to follow rules or break them""]","[""witchy with a soft spot for power play, praise, and a bit of creative tension.""]","[]","give me another version of this reddite post and follow this ruls:\nTitle: [Age][Gender] Seeking [Type of Connection] in [City]\nBody: Interests, limits, and local availability. no more then 200 words","Flair: [Looking]\nTags: NSFW","Flair: None\nTags: NSFW",1,0,0,
,r/nj4nj,EAST,"[age] [F4M] [City] Looking for a flirty, sexy, realistic chat/FWB post not robotic, not too long, just natural and human. Needs a proper title, no emojis.","[""28 [F4M] Newark You start the sentence, I’ll finish it dirty""]","[""If you’re someone who knows how to walk the line between flirty and filthy without falling into the cringe zone.""]","[]","give me another version of this reddite post and follow this ruls:\nTitle: [Age][Gender] Seeking [Type of Connection] in [City]\nBody: Interests, limits, and local availability. no more then 200 words","Flair: [Looking]\nTags: NSFW","Flair: [F4M]\nTags: NSFW",1,0,0,
,r/VirginiaGoneWild,EAST,"[age] [F4M] [City] Looking for a flirty, sexy, realistic chat/FWB post not robotic, not too long, just natural and human. Needs a proper title, no emojis.","[""Looking for wild FWB""]","[""I want a connection that’s intentional. A little mental, a little physical, and a lot of privacy.""]","[]","give me another version of this reddite post and follow this ruls:\nTitle: [Age][Gender] Seeking [Type of Connection] in [City]\nBody: Interests, limits, and local availability. no more then 200 words","Flair: [Looking]\nTags: NSFW","Flair: [F4M]\nTags: NSFW",1,0,0,
,r/MichiganGW2,EAST,"[age] [F4M] Looking for a flirty, sexy, realistic chat/FWB","[""26 F4M Let’s not waste each other’s time""]","[""I like things that feel private. A little secret tucked into the middle of the day or the night.""]","[]","give me another version of this reddite post and follow this ruls:\nTitle: [Age][Gender] Seeking [Type of Connection] in [City]\nBody: Interests, limits, and local availability. no more then 200 words","Flair: [Looking]\nTags: NSFW","Flair: None\nTags: NSFW",1,0,0,
,r/IndianaHookupGW,EAST,"[age] [F4M] Looking for a flirty, sexy, realistic chat/FWB","[""29 [F4M] Lets do more hotter""]","[""You know the feeling when the jokes start landing a little lower, the tone shifts, and suddenly there’s a spark under every sentence?""]","[]","give me another version of this reddite post and follow this ruls:\nTitle: [Age][Gender] Seeking [Type of Connection] in [City]\nBody: Interests, limits, and local availability. no more then 200 words","Flair: [Looking]\nTags: NSFW","Flair: None\nTags: NSFW",1,0,0,
,r/SouthGeorgiaHookups,EAST,"[age] [F4M] Looking for a flirty, sexy, realistic chat/FWB","[]","[]","[]","give me another version of this reddite post and follow this ruls:\nTitle: [Age][Gender] Seeking [Type of Connection] in [City]\nBody: Interests, limits, and local availability. no more then 200 words","Flair: [Looking]\nTags: NSFW","Flair: [Looking]\nTags: NSFW",1,0,0,
,r/tampa,EAST,"[age] [F4M] Looking for a flirty, sexy, realistic chat/FWB","[""27F Tampa Girl Looking for Casual Fun""]","[]","[]","give me another version of this reddite post and follow this ruls:\nTitle: [Age][Gender] Seeking [Type of Connection] in [City]\nBody: Interests, limits, and local availability. no more then 200 words","Flair: [Looking]\nTags: NSFW","Flair: [Looking]\nTags: NSFW",1,0,0,
,r/miami,EAST,"[age] [F4M] Looking for a flirty, sexy, realistic chat/FWB","[""25F Miami Girl Looking for Fun Hookups""]","[]","[]","give me another version of this reddite post and follow this ruls:\nTitle: [Age][Gender] Seeking [Type of Connection] in [City]\nBody: Interests, limits, and local availability. no more then 200 words","Flair: [Looking]\nTags: NSFW","Flair: [Looking]\nTags: NSFW",1,0,0,
,r/westpalmbeach,EAST,"[age] [F4M] Looking for a flirty, sexy, realistic chat/FWB","[""23F West Palm Beach Girl Seeking Fun""]","[]","[]","give me another version of this reddite post and follow this ruls:\nTitle: [Age][Gender] Seeking [Type of Connection] in [City]\nBody: Interests, limits, and local availability. no more then 200 words","Flair: [Looking]\nTags: NSFW","Flair: [Looking]\nTags: NSFW",1,0,0,
,r/virginia,EAST,"[age] [F4M] Looking for a flirty, sexy, realistic chat/FWB","[""26F Virginia Girl Seeking Casual Fun""]","[]","[]","give me another version of this reddite post and follow this ruls:\nTitle: [Age][Gender] Seeking [Type of Connection] in [City]\nBody: Interests, limits, and local availability. no more then 200 words","Flair: [Looking]\nTags: NSFW","Flair: [Looking]\nTags: NSFW",1,0,0,
,r/maine,EAST,"[age] [F4M] Looking for a flirty, sexy, realistic chat/FWB","[""28F Maine Girl Looking for Fun""]","[]","[]","give me another version of this reddite post and follow this ruls:\nTitle: [Age][Gender] Seeking [Type of Connection] in [City]\nBody: Interests, limits, and local availability. no more then 200 words","Flair: [Looking]\nTags: NSFW","Flair: [Looking]\nTags: NSFW",1,0,0,
,r/newjersey,EAST,"[age] [F4M] Looking for a flirty, sexy, realistic chat/FWB","[""25F NJ Girl Seeking Casual Fun""]","[]","[]","give me another version of this reddite post and follow this ruls:\nTitle: [Age][Gender] Seeking [Type of Connection] in [City]\nBody: Interests, limits, and local availability. no more then 200 words","Flair: [Looking]\nTags: NSFW","Flair: [Looking]\nTags: NSFW",1,0,0,
,r/newhaven,EAST,"[age] [F4M] Looking for a flirty, sexy, realistic chat/FWB","[""29F New Haven Girl Seeking Fun""]","[]","[]","give me another version of this reddite post and follow this ruls:\nTitle: [Age][Gender] Seeking [Type of Connection] in [City]\nBody: Interests, limits, and local availability. no more then 200 words","Flair: [Looking]\nTags: NSFW","Flair: [Looking]\nTags: NSFW",1,0,0,
,r/providence,EAST,"[age] [F4M] Looking for a flirty, sexy, realistic chat/FWB","[""28F Providence Girl Looking for Fun""]","[]","[]","give me another version of this reddite post and follow this ruls:\nTitle: [Age][Gender] Seeking [Type of Connection] in [City]\nBody: Interests, limits, and local availability. no more then 200 words","Flair: [Looking]\nTags: NSFW","Flair: [Looking]\nTags: NSFW",1,0,0,
,r/rochester,EAST,"[age] [F4M] Looking for a flirty, sexy, realistic chat/FWB","[""24F Rochester Girl Seeking Casual Fun""]","[]","[]","give me another version of this reddite post and follow this ruls:\nTitle: [Age][Gender] Seeking [Type of Connection] in [City]\nBody: Interests, limits, and local availability. no more then 200 words","Flair: [Looking]\nTags: NSFW","Flair: [Looking]\nTags: NSFW",1,0,0,
,r/albany,EAST,"[age] [F4M] Looking for a flirty, sexy, realistic chat/FWB","[""25F Albany Girl Looking for Fun""]","[]","[]","give me another version of this reddite post and follow this ruls:\nTitle: [Age][Gender] Seeking [Type of Connection] in [City]\nBody: Interests, limits, and local availability. no more then 200 words","Flair: [Looking]\nTags: NSFW","Flair: [Looking]\nTags: NSFW",1,0,0,
,r/DFWcasualencounters2,WEST,"Age [F4M] Looking for a Bold and Fun Connection","[""25 [F4M] Do you like the kind of tension that builds slowly and doesn’t let go?""]","[]","[]","Provide me a posting I'm [age][Gender] looking for male make it sexy teasing don't make it sound AI","Flair: [R4R]\nTags: NSFW","Flair: [R4R]\nTags: NSFW",1,0,0,
,r/ArizonaSinglesOnly,WEST,"Age F Let's be the fun in each other life","[""25F Let’s flirt like it’s foreplay slow, hot, and impossible to ignore""]","[]","[]","Provide me a posting I'm [age][Gender] looking for male make it sexy teasing don't make it sound AI","Flair: [F]\nTags: NSFW","Flair: [F]\nTags: NSFW",1,0,0,
,r/ChicagoR4R,WEST,"Age [F4M] #Location- Need a playmate who's down for some fun?","[""28 [F4M] #Loop - Looking for a confident man who knows how to flirt without rushing""]","[]","[]","Provide me a posting I'm [age][Gender] looking for male make it sexy teasing don't make it sound AI","This subreddit is for users 18+ who live in the Chicago area only.","Flair: [F4M]\nTags: NSFW",1,0,0,
,r/houstonr4r,WEST,"Age [F4M] Looking for a Bold and Fun Connection","[]","[]","[]","Provide me a posting I'm [age][Gender] looking for male make it sexy teasing don't make it sound AI","Flair: [F4M]\nTags: NSFW","Flair: [F4M]\nTags: NSFW",1,0,0,
,r/OKC_FWB,WEST,"Age [F4M] Playful loving and open for connection","[]","[]","[]","Provide me a posting I'm [age][Gender] looking for male make it sexy teasing don't make it sound AI","Flair: [F4M]\nTags: NSFW","Flair: [F4M]\nTags: NSFW",1,0,0,
,r/r4rwi,WEST,"Age [F4M] Location - let's make bad dicission that really good","[]","[]","[]","Provide me a posting I'm [age][Gender] looking for male make it sexy teasing don't make it sound AI","Post titles must contain age, gender, location\nTags: NSFW","Flair: [F4M]\nTags: NSFW",1,0,0,
,r/KansasCity_r4r,WEST,"Age F4M ln the mood to have fun","[]","[]","[]","Provide me a posting I'm [age][Gender] looking for male make it sexy teasing don't make it sound AI","Flair: [F4M]\nTags: NSFW","Flair: [F4M]\nTags: NSFW",1,0,0,
,r/CorpuschristiNSFW,WEST,"Looking for a man who's into playful things","[]","[]","[]","Provide me a posting I'm [age][Gender] looking for male make it sexy teasing don't make it sound AI","Flair: [F4M]\nTags: NSFW","Flair: [F4M]\nTags: NSFW",1,0,0,
,r/dirtytucson,WEST,"[F] Looking for someone","[]","[]","[]","Provide me a posting I'm [age][Gender] looking for male make it sexy teasing don't make it sound AI","Place your gender in title of your post, age is not required but usually appropriated.","Flair: [F4M]\nTags: NSFW",1,0,0,
,r/Alabamagonewild1A,WEST,"Age [Gender] Looking for good boy","[]","[]","[]","Provide me a posting I'm [age][Gender] looking for male make it sexy teasing don't make it sound AI","Please include your location in each post! Alabamians only, please!","Flair: [F4M]\nTags: NSFW",1,0,0,
,r/ChicagoSuburbsMeet,WEST,"age [Gender] Seeking for fun","[]","[]","[]","Provide me a posting I'm [age][Gender] looking for male make it sexy teasing don't make it sound AI","Flair: [Looking]\nTags: NSFW","Flair: [Looking]\nTags: NSFW",1,0,0,
,r/ChiBurbsr4r,WEST,"age [Gender] #Location Seeking for trouble","[]","[]","[]","Provide me a posting I'm [age][Gender] looking for male make it sexy teasing don't make it sound AI","Flair: [Looking]\nTags: NSFW","Flair: [Looking]\nTags: NSFW",1,0,0,
,r/ColoradoSex,WEST,"Age [Gender] Looking for Distraction","[]","[]","[]","Provide me a posting I'm [age][Gender] looking for male make it sexy teasing don't make it sound AI","Flair: [Looking]\nTags: NSFW","Flair: [Looking]\nTags: NSFW",1,0,0,
,r/Missouri_R4R,WEST,"Age [R4R] #Location - Looking for my troublemaker","[]","[]","[]","Provide me a posting I'm [age][Gender] looking for male make it sexy teasing don't make it sound AI","Flair: [Looking]\nTags: NSFW","Flair: [Looking]\nTags: NSFW",1,0,0,
,r/Okcnsafun,WEST,"Age [gender] Looking for","[]","[]","[]","Provide me a posting I'm [age][Gender] looking for male make it sexy teasing don't make it sound AI","Flair: [Looking]\nTags: NSFW","Flair: [Looking]\nTags: NSFW",1,0,0,
,r/wi_gonewild,WEST,"Age [R4R] Looking for hung man","[]","[]","[]","Provide me a posting I'm [age][Gender] looking for male make it sexy teasing don't make it sound AI","ALL posts require a valid WI area code in the title.","Flair: [Looking]\nTags: NSFW",1,0,0,
,r/HuntsvilleAL_Hookup,WEST,"Are [R4R] Seeking for fun","[]","[]","[]","Provide me a posting I'm [age][Gender] looking for male make it sexy teasing don't make it sound AI","Flair: [Looking]\nTags: NSFW","Flair: [Looking]\nTags: NSFW",1,0,0,
,r/LouisianaHookup,WEST,"Age [Gender] Looking for someone to play with","[]","[]","[]","Provide me a posting I'm [age][Gender] looking for male make it sexy teasing don't make it sound AI","Flair: [Looking]\nTags: NSFW","Flair: [Looking]\nTags: NSFW",1,0,0,
,r/CasualTexasNSFW,WEST,"Age [Gender] waiting for someone to misbehave","[]","[]","[]","Provide me a posting I'm [age][Gender] looking for male make it sexy teasing don't make it sound AI","Flair: [Looking]\nTags: NSFW","Flair: [Looking]\nTags: NSFW",1,0,0,
,r/ARIZONABADDIES,WEST,"Age [Gender] Looking for a man who like to [lay","[]","[]","[]","Provide me a posting I'm [age][Gender] looking for male make it sexy teasing don't make it sound AI","Flair: [Looking]\nTags: NSFW","Flair: [Looking]\nTags: NSFW",1,0,0,
,r/DFWcasualencounters,WEST,"Age [R4R] Anyone down for sexy fun?","[]","[]","[]","Provide me a posting I'm [age][Gender] looking for male make it sexy teasing don't make it sound AI","Flair: [Looking]\nTags: NSFW","Flair: [Looking]\nTags: NSFW",1,0,0,
,r/OklahomaEncounters,WEST,"Age [R4R] [F4M] Let’s make bad timing feel like the best possible decision","[]","[]","[]","Provide me a posting I'm [age][Gender] looking for male make it sexy teasing don't make it sound AI","Flair: [Looking]\nTags: NSFW","Flair: [Looking]\nTags: NSFW",1,0,0,
,r/nyc,pacific,"[age] [F] Looking for Some Fun in NYC","[""27F Seeking Casual Fun Around NYC"",""29F Can you handle a soft heart and a filthy mind?""]","[""Hey NYC! 25F here, looking for a playful, casual hookup.""]","[]","give me another version of this reddite post and follow this ruls:\nTitle: [Age][Gender] Seeking [Type of Connection] in [City]\nBody: Interests, limits, and local availability. no more then 200 words","Flair: [Looking]\nTags: NSFW","Flair: [Looking]\nTags: NSFW",1,0,0,
,r/hookups_PortlandOR,pacific,"[age] [F] Looking for Some Fun in NYC","[""25 [F4M] # LA - Feeling a little neglected, craving trouble I shouldn’t be getting into.""]","[""somewhere between “has her life together” and “wants to flirt recklessly with someone who gets it.”""]","[]","give me another version of this reddite post and follow this ruls:\nTitle: [Age][Gender] Seeking [Type of Connection] in [City]\nBody: Interests, limits, and local availability. no more then 200 words","","Flair: [F4M]\nTags: NSFW",1,0,0,
,r/LAr4r,pacific,"[age] [F] Looking for Some Fun in NYC","[""25 F4M I keep reaching for pleasure and finding only silence""]","[""I want someone real. Someone who can push me up against a wall one night and cuddle me the next.""]","[]","give me another version of this reddite post and follow this ruls:\nTitle: [Age][Gender] Seeking [Type of Connection] in [City]\nBody: Interests, limits, and local availability. no more then 200 words","Flair: [F4M]\nTags: NSFW","Flair: [F4M]\nTags: NSFW",1,0,0,
,r/OregonHookUps2,pacific,"[age] [F] Looking for Some Fun in NYC","[""25 F4M Craving connection (and maybe just a little trouble)""]","[""Looking for someone fun, a little daring, and actually down to connect.""]","[]","give me another version of this reddite post and follow this ruls:\nTitle: [Age][Gender] Seeking [Type of Connection] in [City]\nBody: Interests, limits, and local availability. no more then 200 words","Flair: [F4M]\nTags: NSFW","Flair: [F4M]\nTags: NSFW",1,0,0,
,r/riversidensfw,pacific,"[age] [F] Looking for Some Fun in NYC","[""25F I keep reaching for pleasure and finding only silence""]","[""FWB vibes only fun, flirty, and low-pressure.""]","[]","give me another version of this reddite post and follow this ruls:\nTitle: [Age][Gender] Seeking [Type of Connection] in [City]\nBody: Interests, limits, and local availability. no more then 200 words","Flair: None\nTags: NSFW","Flair: None\nTags: NSFW",1,0,0,
,r/tacoma_r4r,pacific,"[age] [F] Looking for Some Fun in NYC","[""26 [F4M] Let’s skip the talking stage (but not all the talking)""]","[""I’m 26 and definitely not here for small talk that drags on longer than a BART delay.""]","[]","give me another version of this reddite post and follow this ruls:\nTitle: [Age][Gender] Seeking [Type of Connection] in [City]\nBody: Interests, limits, and local availability. no more then 200 words","Flair: [F4M]\nTags: NSFW","Flair: [F4M]\nTags: NSFW",1,0,0,
,r/R4RSeattleNSFW,pacific,"[age] [F] Looking for Some Fun in NYC","[""26 [F4M] <Sacramento> Looking for the right mix of brains & bad decisions""]","[""Looking for an ongoing FWB with real chemistry and playful energy.""]","[]","give me another version of this reddite post and follow this ruls:\nTitle: [Age][Gender] Seeking [Type of Connection] in [City]\nBody: Interests, limits, and local availability. no more then 200 words","Flair: None\nTags: NSFW","Flair: None\nTags: NSFW",1,0,0,
,r/SacramentoGoneWild,pacific,"[age] [F] Looking for Some Fun in NYC","[""29 [F4M] Can you handle a soft heart and a filthy mind?""]","[""Looking for an FWB with charm, confidence, and follow-through.""]","[]","give me another version of this reddite post and follow this ruls:\nTitle: [Age][Gender] Seeking [Type of Connection] in [City]\nBody: Interests, limits, and local availability. no more then 200 words","Flair: [F4M]\nTags: NSFW","Flair: [F4M]\nTags: NSFW",1,0,0,
,r/LongBeachHookUp,pacific,"[age] [F] Looking for Some Fun in NYC","[""28 [F4M] Fluent in sarcasm, kisses, and bad decisions""]","[""I’m all about comfy chats, good vibes, and a spark that doesn’t feel forced.""]","[]","give me another version of this reddite post and follow this ruls:\nTitle: [Age][Gender] Seeking [Type of Connection] in [City]\nBody: Interests, limits, and local availability. no more then 200 words","Flair: None\nTags: NSFW","Flair: None\nTags: NSFW",1,0,0,
,r/SeattleKink,pacific,"[age] [F] Looking for Some Fun in NYC","[""28 [F4M] Casual, flirty, and slightly underdressed""]","[""I’m 25, fluent in sarcasm, and not opposed to kisses between friends.""]","[]","give me another version of this reddite post and follow this ruls:\nTitle: [Age][Gender] Seeking [Type of Connection] in [City]\nBody: Interests, limits, and local availability. no more then 200 words","Flair: None\nTags: NSFW","Flair: None\nTags: NSFW",1,0,0,
,r/r4rmontreal,canada,"29 F4M Looking for Some Fun in","[""29 F4M I like it when you don’t ask… but you still know"",""30F Chill FWB? Chemistry required, pants optional""]","[""There’s something about subtle confidence that hits different."",""Flirty, fun, and craving an ongoing FWB with chemistry and conversation.""]","[]","give me another version of this reddite post and follow this ruls:\nTitle: [Age][Gender] Seeking [Type of Connection] in [City]\nBody: Interests, limits, and local availability. no more then 200 words","Flair: [Looking]\nTags: NSFW","Flair: [F]\nTags: NSFW",1,0,0,